Date,Open,High,Low,Close,Volume
2010-01-04,313.16,314.44,311.81,313.06,
2010-01-05,313.28,313.61,310.46,311.68,
2010-01-06,312.62,312.62,302.88,303.83,
2010-01-07,304.4,304.7,296.03,296.75,
2010-01-08,295.7,301.32,294.26,300.71,
2010-01-11,301.93,301.93,296.72,300.25,
2010-01-12,298.74,298.78,293.71,294.94,
2010-01-13,287.96,293.9,286.66,293.25,
2010-01-14,291.66,296.8,291.11,294.63,
2010-01-15,295.5,296.48,288.73,289.71,
2010-01-19,290.45,294.91,287.86,293.52,
2010-01-20,292.7,292.7,287.36,289.91,
2010-01-21,291.43,293.12,285.84,291.2,
2010-01-22,281.97,285.01,267.16,274.73,
2010-01-25,273.02,274.66,267.49,269.73,
2010-01-26,268.72,274.53,267.88,270.94,
2010-01-27,270.36,273.55,267.39,270.78,
2010-01-28,271.97,273.23,265.03,266.88,
2010-01-29,268.98,270.22,262.54,264.71,
2010-02-01,267.03,267.64,264.88,266.24,
2010-02-02,267.21,267.21,263.54,265.29,
2010-02-03,264.07,270.78,263.85,270.14,
2010-02-04,268.23,268.73,262.52,263.13,
2010-02-05,263.94,266.48,260.97,265.38,
2010-02-08,265.98,270.73,265.5,266.47,
2010-02-09,269.5,270.49,267.27,267.95,
2010-02-10,266.77,268.63,263.58,266.96,
2010-02-11,265.86,269.97,264.49,267.93,
2010-02-12,266.22,268.31,264.98,266.29,
2010-02-16,268.3,271.79,266.88,270.38,
2010-02-17,270.73,271.43,268.54,268.83,
2010-02-18,268.5,272.23,267.8,271.34,
2010-02-19,270.23,271.74,269.58,270.11,
2010-02-22,273.4,273.48,270.23,271.13,
2010-02-23,271.23,271.54,265.88,267.27,
2010-02-24,266.93,268.95,264.99,265.47,
2010-02-25,263.3,263.98,259.74,262.95,
2010-02-26,263.45,265.61,261.48,263.14,
2010-03-01,264.34,266.38,263.61,266.08,
2010-03-02,267.47,272.56,267.24,270.26,
2010-03-03,270.91,273.79,269.36,272.39,
2010-03-04,272.98,277.79,272.83,277.02,
2010-03-05,280.39,283.55,279.67,281.82,
2010-03-08,282.11,282.31,280.22,280.96,
2010-03-09,279.65,282.05,277.97,279.81,
2010-03-10,281.6,288.96,280.82,287.94,
2010-03-11,286.84,292.81,286.81,290.28,
2010-03-12,293.78,293.84,289.29,289.48,
2010-03-15,283.06,284.44,277.72,281.31,
2010-03-16,280.63,283.93,280.1,282.32,
2010-03-17,283.87,285.44,281.84,282.5,
2010-03-18,282.08,283.94,281.2,282.92,
2010-03-19,282.83,283.72,278.36,279.72,
2010-03-22,277.78,283.14,276.86,278.47,
2010-03-23,278.24,278.88,270.73,274.23,
2010-03-24,272.48,279.64,269.58,278.39,
2010-03-25,279.23,285.71,279.05,281.16,
2010-03-26,282.35,283.41,279.73,281.06,
2010-03-29,281.22,282.08,280.0,280.94,
2010-03-30,281.13,283.53,279.86,283.07,
2010-03-31,282.24,284.59,281.12,283.28,
2010-04-05,285.16,287.15,284.22,285.22,
2010-04-06,284.45,285.16,282.42,283.83,
2010-04-07,283.37,284.09,280.65,281.49,
2010-04-08,281.38,284.64,279.74,283.46,
2010-04-09,283.72,284.1,281.72,282.83,
2010-04-12,283.39,286.71,282.83,286.08,
2010-04-13,285.98,294.15,285.28,293.09,
2010-04-14,294.73,295.87,291.71,294.21,
2010-04-15,295.79,298.62,293.85,297.35,
2010-04-16,281.22,284.12,274.54,274.8,
2010-04-19,274.1,276.72,272.23,274.77,
2010-04-20,276.81,279.55,275.25,277.24,
2010-04-21,277.95,279.84,275.8,276.87,
2010-04-22,275.72,275.97,271.4,273.26,
2010-04-23,273.35,274.39,270.86,272.22,
2010-04-26,272.21,272.22,264.34,265.55,
2010-04-27,264.21,268.9,263.35,264.26,
2010-04-28,265.78,267.15,260.25,264.33,
2010-04-29,266.42,267.98,263.07,265.73,
2010-04-30,265.3,268.57,262.46,262.58,
2010-05-03,262.99,266.19,262.28,265.03,
2010-05-04,263.0,263.11,251.85,252.93,
2010-05-05,250.24,257.6,249.98,254.63,
2010-05-06,254.12,258.5,229.77,249.09,
2010-05-07,249.74,252.41,240.42,246.32,
2010-05-10,256.73,261.15,256.04,260.56,
2010-05-11,257.58,259.68,253.86,254.27,
2010-05-12,255.76,255.76,250.75,252.44,
2010-05-13,257.99,260.74,254.93,255.18,
2010-05-14,254.63,255.24,247.88,253.51,
2010-05-17,253.14,253.93,248.93,253.73,
2010-05-18,254.74,255.23,248.29,248.94,
2010-05-19,247.88,249.47,243.63,246.97,
2010-05-20,242.29,242.55,236.66,237.27,
2010-05-21,234.3,242.26,231.97,235.79,
2010-05-24,240.12,244.65,238.16,238.34,
2010-05-25,233.84,238.49,231.77,238.3,
2010-05-26,240.79,244.64,237.26,237.5,
2010-05-27,242.19,245.91,240.28,244.98,
2010-05-28,246.12,246.48,241.26,242.57,
2010-06-01,239.97,245.28,239.82,240.94,
2010-06-02,243.1,246.69,240.49,246.44,
2010-06-03,247.31,253.75,247.1,252.55,
2010-06-04,249.61,254.37,248.1,249.11,
2010-06-07,249.28,250.2,241.33,242.52,
2010-06-08,243.68,244.18,238.53,242.15,
2010-06-09,243.37,244.2,235.76,236.77,
2010-06-10,239.94,244.01,237.68,243.26,
2010-06-11,241.01,244.11,240.57,244.01,
2010-06-14,246.99,247.0,241.35,241.35,
2010-06-15,241.3,249.95,240.85,248.75,
2010-06-16,247.84,251.75,247.81,250.38,
2010-06-17,251.47,252.68,248.1,249.79,
2010-06-18,251.0,251.48,248.82,249.76,
2010-06-21,249.7,250.23,242.2,244.04,
2010-06-22,244.71,248.05,242.62,242.88,
2010-06-23,243.2,243.2,238.84,240.78,
2010-06-24,239.59,241.13,236.39,237.31,
2010-06-25,238.29,238.58,235.04,236.1,
2010-06-28,236.06,238.54,234.27,235.8,
2010-06-29,231.49,232.04,225.33,226.9,
2010-06-30,227.25,228.69,222.14,222.25,
2010-07-01,222.42,223.98,216.6,219.53,
2010-07-02,220.59,220.92,217.78,218.06,
2010-07-06,221.78,223.61,216.6,217.82,
2010-07-07,218.94,225.42,217.47,224.87,
2010-07-08,226.55,228.44,224.61,228.05,
2010-07-09,235.74,236.39,231.16,233.51,
2010-07-12,235.95,239.48,235.3,237.68,
2010-07-13,240.88,246.25,239.9,244.36,
2010-07-14,244.7,246.67,242.99,245.42,
2010-07-15,245.62,247.1,241.1,246.76,
2010-07-16,234.32,235.04,229.53,229.57,
2010-07-19,230.27,234.59,228.53,232.86,
2010-07-20,230.28,241.25,230.07,240.55,
2010-07-21,241.76,242.61,237.48,238.51,
2010-07-22,241.37,244.25,241.0,242.16,
2010-07-23,240.14,245.05,239.76,244.78,
2010-07-26,244.3,245.13,242.2,244.24,
2010-07-27,245.04,248.5,244.84,246.07,
2010-07-28,247.22,247.38,241.09,241.93,
2010-07-29,242.73,244.2,239.43,242.25,
2010-07-30,239.59,243.44,239.33,242.18,
2010-08-02,244.25,246.39,243.23,244.96,
2010-08-03,245.0,245.98,243.14,244.67,
2010-08-04,245.84,253.25,245.28,252.91,
2010-08-05,252.69,254.05,251.53,253.8,
2010-08-06,252.45,252.62,247.78,249.86,
2010-08-09,250.87,252.5,250.43,252.42,
2010-08-10,250.92,252.75,249.04,251.6,
2010-08-11,248.62,248.75,245.5,245.62,
2010-08-12,241.73,247.13,241.01,245.76,
2010-08-13,244.26,245.35,242.76,242.93,
2010-08-16,241.6,244.69,240.01,242.55,
2010-08-17,244.02,247.1,242.77,245.01,
2010-08-18,244.97,245.19,240.53,240.83,
2010-08-19,240.26,241.01,233.39,233.75,
2010-08-20,233.75,235.56,230.28,230.78,
2010-08-23,230.52,233.89,228.64,231.8,
2010-08-24,228.62,228.96,225.23,225.47,
2010-08-25,224.78,228.68,224.78,227.08,
2010-08-26,227.8,228.4,224.99,225.26,
2010-08-27,226.05,229.77,223.6,229.19,
2010-08-30,229.34,229.65,225.98,226.12,
2010-08-31,224.83,227.21,223.78,224.78,
2010-09-01,227.26,232.24,226.02,229.94,
2010-09-02,231.19,231.98,229.92,231.36,
2010-09-03,235.02,235.7,233.49,234.91,
2010-09-07,232.02,233.56,231.28,231.97,
2010-09-08,232.36,236.01,232.02,235.05,
2010-09-09,238.68,239.96,235.05,237.85,
2010-09-10,239.27,239.66,237.3,237.83,
2010-09-13,240.21,241.93,239.53,240.89,
2010-09-14,240.76,242.13,239.8,239.97,
2010-09-15,239.74,240.7,239.01,240.08,
2010-09-16,239.74,240.98,239.47,240.29,
2010-09-17,241.63,245.35,240.35,244.83,
2010-09-20,246.0,254.95,245.78,253.89,
2010-09-21,254.59,259.73,254.2,256.47,
2010-09-22,256.17,258.63,255.58,257.74,
2010-09-23,257.05,259.58,255.39,256.48,
2010-09-24,260.61,263.65,258.87,263.38,
2010-09-27,264.16,268.16,264.16,264.94,
2010-09-28,266.47,266.53,258.97,263.32,
2010-09-29,263.66,266.2,262.09,263.58,
2010-09-30,264.32,265.67,259.2,262.63,
2010-10-01,264.74,265.04,261.24,262.55,
2010-10-04,262.21,263.86,259.17,260.91,
2010-10-05,263.93,269.73,263.01,268.85,
2010-10-06,269.36,269.7,264.71,266.91,
2010-10-07,267.84,268.33,264.31,264.74,
2010-10-08,266.12,268.53,263.55,267.91,
2010-10-11,268.97,272.03,268.32,269.15,
2010-10-12,269.79,272.72,268.63,270.42,
2010-10-13,273.23,273.47,270.89,271.38,
2010-10-14,271.82,272.35,268.29,270.19,
2010-10-15,299.34,300.52,295.5,300.42,
2010-10-18,299.97,309.54,299.97,308.55,
2010-10-19,304.12,307.1,301.13,303.61,
2010-10-20,303.77,308.38,303.45,303.69,
2010-10-21,305.45,307.69,302.7,305.69,
2010-10-22,305.65,307.1,304.72,305.96,
2010-10-25,307.49,312.06,307.18,307.94,
2010-10-26,306.24,310.3,305.21,308.99,
2010-10-27,307.58,309.69,305.86,307.93,
2010-10-28,309.71,310.19,306.34,308.98,
2010-10-29,308.23,309.19,306.19,306.54,
2010-11-01,307.56,310.02,305.3,307.19,
2010-11-02,309.03,309.69,306.98,307.49,
2010-11-03,308.44,310.6,306.44,309.78,
2010-11-04,312.01,314.65,310.74,311.82,
2010-11-05,311.28,312.43,310.24,312.23,
2010-11-08,311.7,314.43,311.25,313.07,
2010-11-09,314.68,315.11,309.94,312.1,
2010-11-10,310.73,311.19,308.45,311.13,
2010-11-11,309.54,309.62,306.8,308.29,
2010-11-12,306.69,308.14,300.3,301.34,
2010-11-15,301.24,301.7,296.73,297.44,
2010-11-16,296.08,298.65,291.43,291.57,
2010-11-17,292.21,294.46,290.39,291.48,
2010-11-18,294.21,299.69,293.99,297.98,
2010-11-19,298.2,298.65,294.87,295.12,
2010-11-22,293.44,296.42,291.08,295.31,
2010-11-23,293.21,294.21,288.81,291.21,
2010-11-24,293.36,298.0,293.23,297.19,
2010-11-26,294.93,296.19,293.21,294.7,
2010-11-29,294.29,294.61,289.69,290.76,
2010-11-30,286.87,286.87,276.38,277.58,
2010-12-01,281.22,285.5,280.92,281.89,
2010-12-02,284.05,286.38,282.39,285.62,
2010-12-03,284.44,287.95,283.72,286.21,
2010-12-06,289.99,290.71,288.02,288.89,
2010-12-07,295.34,296.2,292.71,293.28,
2010-12-08,295.69,295.96,291.55,294.97,
2010-12-09,296.64,297.49,294.21,295.45,
2010-12-10,296.27,296.7,294.85,295.81,
2010-12-13,298.26,301.2,296.75,297.01,
2010-12-14,298.25,298.85,295.94,297.16,
2010-12-15,296.8,297.93,294.28,294.85,
2010-12-16,296.13,296.59,293.74,295.56,
2010-12-17,295.2,295.98,293.54,295.1,
2010-12-20,297.03,298.64,294.03,297.23,
2010-12-21,298.99,302.06,298.51,301.23,
2010-12-22,301.7,303.2,301.34,302.44,
2010-12-23,302.37,302.7,300.71,301.81,
2010-12-27,301.07,301.59,299.45,300.89,
2010-12-28,300.72,301.63,298.71,299.16,
2010-12-29,300.7,300.9,299.16,300.2,
2010-12-30,298.7,300.37,298.4,299.13,
2010-12-31,298.07,298.91,295.72,296.69,
2011-01-03,297.94,302.49,297.94,301.87,
2011-01-04,302.51,302.79,299.76,300.76,
2011-01-05,299.73,304.86,299.72,304.23,
2011-01-06,305.03,308.91,304.72,306.44,
2011-01-07,307.65,308.82,304.76,307.91,
2011-01-10,307.09,307.39,303.98,306.8,
2011-01-11,308.55,309.09,306.94,307.7,
2011-01-12,309.37,309.37,307.08,308.13,
2011-01-13,308.18,309.53,306.77,308.04,
2011-01-14,308.39,311.82,308.23,311.78,
2011-01-18,312.72,320.67,312.32,319.5,
2011-01-19,320.74,321.16,314.52,315.56,
2011-01-20,315.79,316.72,311.33,313.07,
2011-01-21,319.47,320.54,305.37,305.61,
2011-01-24,303.48,305.94,300.31,305.23,
2011-01-25,303.8,310.03,302.96,309.65,
2011-01-26,309.85,310.93,307.33,307.94,
2011-01-27,308.64,309.54,306.32,308.09,
2011-01-28,309.23,309.87,299.58,300.19,
2011-01-31,301.5,301.93,297.48,299.88,
2011-02-01,301.94,306.37,301.25,305.21,
2011-02-02,305.19,306.86,303.46,305.69,
2011-02-03,304.44,305.42,302.76,304.77,
2011-02-04,304.77,305.42,303.0,305.18,
2011-02-07,304.78,308.89,304.3,306.84,
2011-02-08,307.16,309.5,306.95,308.88,
2011-02-09,308.13,309.42,305.86,307.94,
2011-02-10,306.64,308.44,305.47,307.91,
2011-02-11,306.59,312.19,306.19,311.94,
2011-02-14,311.36,314.5,309.71,313.76,
2011-02-15,313.35,314.73,311.24,311.76,
2011-02-16,312.5,312.94,310.74,311.8,
2011-02-17,310.31,313.31,309.83,312.32,
2011-02-18,312.69,315.27,311.78,314.72,
2011-02-22,309.7,312.15,303.58,304.8,
2011-02-23,304.86,307.04,301.7,305.35,
2011-02-24,305.39,306.24,300.37,304.11,
2011-02-25,305.62,307.05,304.45,304.71,
2011-02-28,304.7,307.94,303.7,306.39,
2011-03-01,308.58,309.3,299.35,300.08,
2011-03-02,299.6,302.7,297.3,300.09,
2011-03-03,302.89,305.44,302.2,304.48,
2011-03-04,303.86,304.19,299.8,300.01,
2011-03-07,299.97,301.54,293.21,295.53,
2011-03-08,296.17,298.69,294.8,295.86,
2011-03-09,295.2,296.96,292.58,295.59,
2011-03-10,292.43,293.02,289.44,289.86,
2011-03-11,288.82,289.71,286.38,288.07,
2011-03-14,286.11,288.86,283.73,284.71,
2011-03-15,278.47,285.21,277.47,284.5,
2011-03-16,283.72,284.61,275.36,278.27,
2011-03-17,281.96,284.22,279.99,280.4,
2011-03-18,282.04,283.71,279.59,280.25,
2011-03-21,284.82,289.61,284.23,287.96,
2011-03-22,288.35,289.33,285.97,288.37,
2011-03-23,287.31,290.93,285.71,290.79,
2011-03-24,292.42,293.9,289.11,293.15,
2011-03-25,293.15,293.16,289.33,289.58,
2011-03-28,290.74,292.2,287.07,287.39,
2011-03-29,287.71,290.65,286.22,290.57,
2011-03-30,291.9,292.46,290.0,290.63,
2011-03-31,291.21,293.79,290.58,293.09,
2011-04-01,294.09,297.3,294.09,295.6,
2011-04-04,296.2,297.07,291.26,293.55,
2011-04-05,290.25,290.45,282.56,284.26,
2011-04-06,285.8,287.29,283.72,286.8,
2011-04-07,287.58,290.03,286.81,289.71,
2011-04-08,292.15,292.15,288.74,288.79,
2011-04-11,287.81,288.76,286.21,288.4,
2011-04-12,287.21,288.17,283.74,285.02,
2011-04-13,287.47,288.51,285.59,287.85,
2011-04-14,287.31,289.44,285.76,288.97,
2011-04-15,272.37,272.6,264.76,265.08,
2011-04-18,262.95,263.57,259.24,263.16,
2011-04-19,264.71,265.17,260.19,260.5,
2011-04-20,262.69,263.15,260.43,262.6,
2011-04-21,263.48,263.88,260.93,262.29,
2011-04-25,262.36,263.24,260.74,262.26,
2011-04-26,263.0,268.45,262.34,266.14,
2011-04-27,268.73,268.79,266.91,268.61,
2011-04-28,268.76,269.35,266.77,268.72,
2011-04-29,269.73,271.78,268.99,271.78,
2011-05-02,272.58,272.59,268.29,269.01,
2011-05-03,268.3,270.73,264.55,266.68,
2011-05-04,267.32,269.23,266.24,267.63,
2011-05-05,266.66,269.44,265.48,266.87,
2011-05-06,268.81,270.46,267.32,267.38,
2011-05-09,267.23,268.98,265.28,268.57,
2011-05-10,269.73,271.94,268.5,271.06,
2011-05-11,269.8,271.5,266.58,267.46,
2011-05-12,267.35,268.2,265.19,267.26,
2011-05-13,267.04,267.69,264.26,264.51,
2011-05-16,262.89,263.37,257.94,258.95,
2011-05-17,257.46,265.34,257.26,264.96,
2011-05-18,264.51,264.9,262.59,264.64,
2011-05-19,266.1,268.0,264.6,265.36,
2011-05-20,265.63,265.73,261.3,261.75,
2011-05-23,258.04,259.74,256.44,258.94,
2011-05-24,259.92,261.72,258.82,258.87,
2011-05-25,258.41,261.12,258.37,259.58,
2011-05-26,258.59,260.8,257.24,258.81,
2011-05-27,258.98,260.63,257.89,260.19,
2011-05-31,262.24,264.26,261.49,264.25,
2011-06-01,263.76,266.33,262.39,262.54,
2011-06-02,263.52,264.88,260.98,263.77,
2011-06-03,260.74,263.54,260.49,261.28,
2011-06-06,262.66,263.15,259.37,260.27,
2011-06-07,261.18,262.05,259.24,259.26,
2011-06-08,258.01,260.36,257.63,259.33,
2011-06-09,259.74,259.74,257.56,258.11,
2011-06-10,256.78,258.09,254.39,254.5,
2011-06-13,254.74,254.84,250.83,252.11,
2011-06-14,253.82,256.78,253.24,253.93,
2011-06-15,252.26,253.92,250.05,251.22,
2011-06-16,251.15,253.81,248.09,249.93,
2011-06-17,252.84,253.09,242.16,242.27,
2011-06-20,242.26,242.87,239.38,242.05,
2011-06-21,243.35,246.72,242.12,246.25,
2011-06-22,245.48,245.93,243.12,243.26,
2011-06-23,240.82,241.19,236.63,239.87,
2011-06-24,240.1,240.13,236.27,237.2,
2011-06-27,236.8,244.0,236.6,241.2,
2011-06-28,241.77,247.86,241.77,246.58,
2011-06-29,248.02,249.87,245.94,248.54,
2011-06-30,250.74,253.08,250.5,252.94,
2011-07-01,253.12,260.33,252.94,260.25,
2011-07-05,262.39,267.43,262.39,265.95,
2011-07-06,266.48,268.99,266.25,267.41,
2011-07-07,270.23,275.06,267.67,273.03,
2011-07-08,266.21,268.56,263.37,265.73,
2011-07-11,263.83,267.72,262.49,263.38,
2011-07-12,263.82,269.44,262.74,266.74,
2011-07-13,268.23,271.73,267.97,268.86,
2011-07-14,269.29,270.73,263.1,264.21,
2011-07-15,298.45,299.82,293.79,298.51,
2011-07-18,295.95,300.72,295.7,297.17,
2011-07-19,297.77,302.04,297.47,300.97,
2011-07-20,300.79,301.11,297.38,297.38,
2011-07-21,296.72,303.73,296.71,303.19,
2011-07-22,302.39,309.44,301.83,308.81,
2011-07-25,306.37,312.39,306.19,309.18,
2011-07-26,308.72,313.44,308.3,310.95,
2011-07-27,308.28,310.16,302.07,303.31,
2011-07-28,302.29,307.68,301.2,305.16,
2011-07-29,301.81,307.17,301.54,301.54,
2011-08-01,305.3,307.44,299.29,303.08,
2011-08-02,302.7,299.11,291.52,296.77,
2011-08-03,296.74,301.2,291.52,300.28,
2011-08-04,296.95,299.13,288.45,288.47,
2011-08-05,290.98,294.7,280.72,289.23,
2011-08-08,281.21,284.22,271.9,272.74,
2011-08-09,280.22,287.02,270.23,286.42,
2011-08-10,280.41,281.78,273.59,274.23,
2011-08-11,276.63,283.97,273.93,280.78,
2011-08-12,284.47,284.96,279.92,281.6,
2011-08-15,276.44,282.21,272.75,278.34,
2011-08-16,275.94,275.94,264.88,269.23,
2011-08-17,269.74,271.57,265.12,266.31,
2011-08-18,261.47,262.18,249.99,252.19,
2011-08-19,249.42,257.18,245.18,245.21,
2011-08-22,251.75,253.25,247.02,248.84,
2011-08-23,251.5,260.44,249.28,259.15,
2011-08-24,259.41,264.74,258.36,261.38,
2011-08-25,264.92,268.37,258.89,259.76,
2011-08-26,259.74,264.96,256.31,263.17,
2011-08-29,267.01,269.46,266.51,269.27,
2011-08-30,268.83,271.22,265.14,270.08,
2011-08-31,272.1,272.88,267.73,270.21,
2011-09-01,270.1,271.64,265.34,265.98,
2011-09-02,261.97,263.7,260.1,262.16,
2011-09-06,255.14,261.12,254.99,260.83,
2011-09-07,264.96,267.7,263.44,266.75,
2011-09-08,266.63,269.28,265.68,267.21,
2011-09-09,265.43,267.06,260.33,262.16,
2011-09-12,258.72,265.73,258.49,264.79,
2011-09-13,265.73,266.67,261.44,264.5,
2011-09-14,266.03,268.21,262.65,265.77,
2011-09-15,267.48,272.22,267.01,271.01,
2011-09-16,272.13,273.15,271.3,273.07,
2011-09-19,269.9,274.68,267.42,273.06,
2011-09-20,274.42,278.98,271.06,273.04,
2011-09-21,273.57,277.22,269.16,269.33,
2011-09-22,262.86,264.12,256.74,260.07,
2011-09-23,258.02,262.95,256.99,262.49,
2011-09-26,263.36,266.2,256.37,265.68,
2011-09-27,268.83,273.25,267.76,269.4,
2011-09-28,270.48,271.74,263.59,264.16,
2011-09-29,267.75,268.38,259.45,263.49,
2011-09-30,259.84,261.74,256.93,257.26,
2011-10-03,254.67,255.74,247.25,247.51,
2011-10-04,244.77,251.47,240.06,250.7,
2011-10-05,247.93,253.65,240.14,252.1,
2011-10-06,253.5,257.36,251.05,257.1,
2011-10-07,258.16,259.99,254.89,257.3,
2011-10-10,262.33,268.47,261.34,268.32,
2011-10-11,266.46,273.13,266.46,271.32,
2011-10-12,273.79,277.34,272.04,273.98,
2011-10-13,274.74,279.22,273.74,279.22,
2011-10-14,299.44,299.5,293.49,295.54,
2011-10-17,291.57,295.62,288.71,290.91,
2011-10-18,289.8,295.98,288.41,294.96,
2011-10-19,293.38,295.73,289.32,290.06,
2011-10-20,290.66,294.15,289.47,291.54,
2011-10-21,294.46,296.08,293.06,294.95,
2011-10-24,293.07,299.69,292.96,297.91,
2011-10-25,296.25,297.2,291.13,291.29,
2011-10-26,294.48,294.79,286.14,292.86,
2011-10-27,298.91,301.05,296.35,299.04,
2011-10-28,296.96,300.85,296.83,299.77,
2011-10-31,297.25,299.55,295.54,296.02,
2011-11-01,289.76,292.46,288.09,289.04,
2011-11-02,292.16,293.69,289.95,292.12,
2011-11-03,293.21,298.45,291.57,298.45,
2011-11-04,296.45,299.57,295.92,297.77,
2011-11-07,296.36,304.09,295.82,303.86,
2011-11-08,304.2,306.88,301.5,305.86,
2011-11-09,301.83,304.39,299.03,300.17,
2011-11-10,302.66,302.67,295.48,297.24,
2011-11-11,300.35,305.74,299.0,303.87,
2011-11-14,303.7,308.73,303.59,306.19,
2011-11-15,306.09,308.73,304.94,307.97,
2011-11-16,305.73,308.84,305.0,305.43,
2011-11-17,304.72,305.84,298.09,300.13,
2011-11-18,300.7,301.95,296.58,297.14,
2011-11-21,293.59,293.96,285.76,290.18,
2011-11-22,289.71,292.19,287.33,289.71,
2011-11-23,287.39,289.83,284.77,284.77,
2011-11-25,282.31,286.85,280.38,281.22,
2011-11-28,289.4,294.12,287.96,293.8,
2011-11-29,293.65,294.88,290.37,291.17,
2011-11-30,298.68,299.46,295.75,299.4,
2011-12-01,299.7,307.69,299.2,306.58,
2011-12-02,308.22,311.69,307.82,309.87,
2011-12-05,313.51,315.63,310.89,312.51,
2011-12-06,311.18,314.0,309.81,311.57,
2011-12-07,310.53,312.52,308.74,311.38,
2011-12-08,310.21,313.41,307.34,307.72,
2011-12-09,308.69,314.25,308.2,313.4,
2011-12-12,310.63,312.78,309.83,312.38,
2011-12-13,314.07,317.96,311.11,312.5,
2011-12-14,310.61,311.85,305.94,308.73,
2011-12-15,310.95,311.69,309.04,309.46,
2011-12-16,311.85,314.35,310.42,312.67,
2011-12-19,313.69,313.94,309.69,310.6,
2011-12-20,313.69,315.6,313.68,314.87,
2011-12-21,314.69,315.59,309.17,312.6,
2011-12-22,313.66,315.55,313.19,314.54,
2011-12-23,315.68,317.02,314.96,316.25,
2011-12-27,315.71,321.92,315.68,319.8,
2011-12-28,321.05,322.18,318.73,319.53,
2011-12-29,320.42,321.18,317.28,320.88,
2011-12-30,320.69,323.06,320.69,322.63,
2012-01-03,326.14,333.74,325.86,332.37,
2012-01-04,332.18,334.79,329.98,333.81,
2012-01-05,330.73,331.65,327.79,329.18,
2012-01-06,329.25,329.67,324.57,324.68,
2012-01-09,322.93,323.18,310.3,310.92,
2012-01-10,314.56,316.58,308.15,311.26,
2012-01-11,311.44,314.38,310.25,312.67,
2012-01-12,315.29,316.13,312.94,314.51,
2012-01-13,312.82,313.16,310.22,312.18,
2012-01-17,315.67,315.67,312.53,313.98,
2012-01-18,313.0,316.68,310.75,316.14,
2012-01-19,320.17,320.17,315.41,319.47,
2012-01-20,294.97,295.2,290.56,292.7,
2012-01-23,292.71,294.04,291.29,292.47,
2012-01-24,292.87,293.55,288.71,290.17,
2012-01-25,288.47,289.07,282.91,284.46,
2012-01-26,285.7,286.95,281.99,283.77,
2012-01-27,285.1,289.87,284.38,289.7,
2012-01-30,288.74,289.71,286.41,288.56,
2012-01-31,291.21,291.71,287.29,289.76,
2012-02-01,292.18,292.46,289.28,290.12,
2012-02-02,292.14,292.91,290.75,292.26,
2012-02-03,295.03,298.24,293.73,297.87,
2012-02-06,297.21,305.11,296.71,304.24,
2012-02-07,303.27,304.39,301.58,303.08,
2012-02-08,304.02,305.37,302.07,304.62,
2012-02-09,305.7,306.94,304.2,305.42,
2012-02-10,303.64,303.76,301.7,302.65,
2012-02-13,304.94,306.61,304.7,305.79,
2012-02-14,305.46,305.69,302.08,304.58,
2012-02-15,306.16,306.16,300.98,302.48,
2012-02-16,301.11,304.1,298.57,302.96,
2012-02-17,302.18,303.51,300.9,302.02,
2012-02-21,301.63,308.63,301.14,306.69,
2012-02-22,305.67,308.08,303.05,303.67,
2012-02-23,303.2,303.67,299.87,302.75,
2012-02-24,303.37,305.52,302.45,304.65,
2012-02-27,302.99,305.87,302.23,304.35,
2012-02-28,304.7,309.58,303.54,308.89,
2012-02-29,308.99,312.49,307.44,308.82,
2012-03-01,310.82,312.54,308.77,310.89,
2012-03-02,310.69,311.69,309.85,310.31,
2012-03-05,309.9,310.93,305.38,306.82,
2012-03-06,303.72,304.1,296.62,302.18,
2012-03-07,304.22,305.29,302.63,303.1,
2012-03-08,304.71,305.44,302.87,303.27,
2012-03-09,303.67,305.64,299.7,299.82,
2012-03-12,299.7,303.2,299.33,302.27,
2012-03-13,304.07,308.62,302.47,308.58,
2012-03-14,307.19,311.08,306.42,307.69,
2012-03-15,307.99,311.44,307.11,310.25,
2012-03-16,310.14,312.64,309.72,312.21,
2012-03-19,311.25,318.32,310.31,316.67,
2012-03-20,315.14,317.71,313.32,316.43,
2012-03-21,316.99,323.37,315.94,319.67,
2012-03-22,318.93,324.08,315.18,322.7,
2012-03-23,322.98,323.93,320.13,320.97,
2012-03-26,322.18,324.42,319.45,324.34,
2012-03-27,323.19,326.42,322.08,323.19,
2012-03-28,325.69,328.96,325.21,327.55,
2012-03-29,326.39,327.97,321.83,323.88,
2012-03-30,325.55,326.42,320.18,320.3,
2012-04-02,320.06,323.43,317.1,323.14,
2012-04-03,322.38,323.65,319.0,320.99,
2012-04-04,318.91,319.18,315.23,317.26,
2012-04-05,315.8,317.9,313.97,315.84,
2012-04-09,313.93,317.35,312.33,315.1,
2012-04-10,316.44,316.93,311.96,313.12,
2012-04-11,316.67,317.68,315.33,317.66,
2012-04-12,320.85,326.24,319.81,325.18,
2012-04-13,323.45,324.17,311.46,311.99,
2012-04-16,311.19,311.59,300.53,302.73,
2012-04-17,303.98,308.54,303.2,304.48,
2012-04-18,303.72,306.09,301.1,303.42,
2012-04-19,302.54,307.82,299.2,299.35,
2012-04-20,301.82,304.12,297.62,297.73,
2012-04-23,296.15,298.93,294.8,298.5,
2012-04-24,298.82,303.01,298.36,300.33,
2012-04-25,301.7,305.37,301.14,304.56,
2012-04-26,305.15,308.69,304.55,307.43,
2012-04-27,307.2,308.06,304.99,307.18,
2012-04-30,306.19,307.73,300.0,302.12,
2012-05-01,301.59,305.49,299.79,301.91,
2012-05-02,300.3,303.75,300.0,303.33,
2012-05-03,304.51,307.11,304.17,305.2,
2012-05-04,302.66,303.64,298.11,298.19,
2012-05-07,297.2,304.98,297.2,303.47,
2012-05-08,302.46,308.14,300.05,306.09,
2012-05-09,303.11,307.88,300.6,304.27,
2012-05-10,306.17,307.79,304.81,306.52,
2012-05-11,304.87,306.97,302.08,302.31,
2012-05-14,300.09,303.95,299.99,301.7,
2012-05-15,302.37,307.19,301.57,305.25,
2012-05-16,308.67,314.73,307.66,314.15,
2012-05-17,316.6,318.61,310.3,311.21,
2012-05-18,312.24,315.89,298.05,299.9,
2012-05-21,299.96,307.54,299.7,306.75,
2012-05-22,306.41,306.6,297.7,300.1,
2012-05-23,300.52,304.5,298.26,304.43,
2012-05-24,304.28,305.65,299.14,301.53,
2012-05-25,300.2,300.56,293.85,295.47,
2012-05-29,297.61,299.27,293.87,296.87,
2012-05-30,293.79,295.65,291.47,293.82,
2012-05-31,294.07,294.7,289.21,290.14,
2012-06-01,285.61,286.04,283.89,285.2,
2012-06-04,284.82,289.95,284.72,289.01,
2012-06-05,287.44,288.78,282.95,284.92,
2012-06-06,287.95,290.69,286.52,289.99,
2012-06-07,293.51,293.65,288.34,288.83,
2012-06-08,287.64,290.21,287.0,289.93,
2012-06-11,291.81,292.37,283.06,283.97,
2012-06-12,284.6,284.86,279.01,282.27,
2012-06-13,280.58,283.22,279.06,280.26,
2012-06-14,280.37,282.25,277.98,279.25,
2012-06-15,279.89,281.98,278.27,281.97,
2012-06-18,281.03,286.82,279.35,285.14,
2012-06-19,286.51,291.85,286.27,290.47,
2012-06-20,289.62,289.71,286.47,288.47,
2012-06-21,289.63,289.63,281.58,282.32,
2012-06-22,283.72,285.45,282.63,285.45,
2012-06-25,283.38,283.76,278.4,280.07,
2012-06-26,281.1,283.02,279.46,282.06,
2012-06-27,283.57,286.71,282.73,284.36,
2012-06-28,282.67,282.83,278.33,281.87,
2012-06-29,287.19,289.77,285.81,289.74,
2012-07-02,290.62,291.21,287.96,289.94,
2012-07-03,289.71,293.91,288.71,293.62,
2012-07-05,294.09,299.73,293.98,297.66,
2012-07-06,295.93,296.46,291.12,292.7,
2012-07-09,292.18,294.01,290.33,292.71,
2012-07-10,294.8,295.92,289.08,290.56,
2012-07-11,287.86,288.64,282.19,285.31,
2012-07-12,283.28,285.68,280.76,284.95,
2012-07-13,285.79,289.28,283.99,287.97,
2012-07-16,287.9,289.31,285.6,287.17,
2012-07-17,288.93,290.04,283.92,288.08,
2012-07-18,288.2,291.55,287.78,290.09,
2012-07-19,292.78,298.94,292.71,296.23,
2012-07-20,304.08,306.16,298.79,305.1,
2012-07-23,299.94,308.87,298.83,307.45,
2012-07-24,307.19,308.66,301.87,303.48,
2012-07-25,303.86,306.38,302.38,303.69,
2012-07-26,307.19,308.13,304.71,306.37,
2012-07-27,309.14,317.18,308.44,317.16,
2012-07-30,317.71,320.98,314.44,315.83,
2012-07-31,313.82,317.93,313.8,316.17,
2012-08-01,318.33,319.43,315.37,316.02,
2012-08-02,312.44,318.7,311.39,314.06,
2012-08-03,319.68,321.54,317.75,320.34,
2012-08-06,319.49,324.37,319.29,321.09,
2012-08-07,320.57,321.81,317.92,319.95,
2012-08-08,319.21,322.61,318.93,320.79,
2012-08-09,321.93,322.86,320.44,320.85,
2012-08-10,318.98,320.8,317.75,320.68,
2012-08-13,323.39,329.74,323.02,329.67,
2012-08-14,329.3,336.09,329.17,334.0,
2012-08-15,334.8,336.79,331.72,333.44,
2012-08-16,333.42,336.98,333.21,336.1,
2012-08-17,336.72,338.29,335.51,338.23,
2012-08-20,337.41,339.1,335.99,337.43,
2012-08-21,336.22,338.66,330.75,334.42,
2012-08-22,333.36,339.96,333.02,338.25,
2012-08-23,336.8,339.9,335.16,338.06,
2012-08-24,337.46,339.88,336.7,338.98,
2012-08-27,331.16,335.66,329.29,334.28,
2012-08-28,332.17,338.47,332.04,338.29,
2012-08-29,338.35,344.15,337.74,343.66,
2012-08-30,341.78,343.35,339.75,340.5,
2012-08-31,341.66,343.95,339.68,342.2,
2012-09-04,341.93,342.16,336.41,340.18,
2012-09-05,339.66,342.91,339.23,340.02,
2012-09-06,342.64,349.6,342.02,349.35,
2012-09-07,349.65,355.77,348.49,352.72,
2012-09-10,354.53,356.05,348.85,350.03,
2012-09-11,348.63,349.97,345.15,345.75,
2012-09-12,344.36,347.11,340.1,345.1,
2012-09-13,346.2,354.15,344.92,352.67,
2012-09-14,354.45,356.14,353.15,354.49,
2012-09-17,353.7,356.08,352.15,354.64,
2012-09-18,353.54,358.97,353.04,358.78,
2012-09-19,358.39,363.92,357.85,363.39,
2012-09-20,361.87,365.32,360.25,363.69,
2012-09-21,365.74,367.09,364.69,366.63,
2012-09-24,365.13,374.64,364.76,374.32,
2012-09-25,376.15,382.06,373.46,374.21,
2012-09-26,374.55,380.24,370.13,376.35,
2012-09-27,379.6,381.04,375.45,377.87,
2012-09-28,376.7,379.27,375.2,376.87,
2012-10-01,379.15,382.12,377.73,380.51,
2012-10-02,382.22,382.61,374.76,378.12,
2012-10-03,377.48,381.58,375.72,380.87,
2012-10-04,380.99,384.56,379.32,383.64,
2012-10-05,384.97,386.8,382.12,383.44,
2012-10-08,380.12,381.41,376.7,378.54,
2012-10-09,379.46,380.28,370.89,371.67,
2012-10-10,370.56,373.39,368.78,371.91,
2012-10-11,376.07,378.87,374.77,375.36,
2012-10-12,375.55,377.06,371.68,372.0,
2012-10-15,370.6,371.54,364.98,370.12,
2012-10-16,369.69,373.12,367.86,371.98,
2012-10-17,371.6,377.79,369.76,377.37,
2012-10-18,377.39,379.33,337.66,347.15,
2012-10-19,352.44,353.0,335.66,340.55,
2012-10-22,340.16,341.97,334.52,339.0,
2012-10-23,335.67,343.32,335.66,339.83,
2012-10-24,343.06,343.16,337.3,338.31,
2012-10-25,339.66,340.66,336.42,338.54,
2012-10-26,337.91,341.17,335.26,337.24,
2012-10-31,339.59,340.16,337.16,339.81,
2012-11-01,339.41,345.1,339.02,343.45,
2012-11-02,347.05,347.43,343.34,343.62,
2012-11-05,341.91,343.09,337.44,341.14,
2012-11-06,342.4,342.91,338.44,340.52,
2012-11-07,337.16,338.78,332.91,333.23,
2012-11-08,334.76,335.41,325.29,325.82,
2012-11-09,327.0,333.84,324.82,331.18,
2012-11-12,331.54,334.57,330.1,332.62,
2012-11-13,331.17,333.47,328.79,329.2,
2012-11-14,330.0,330.76,324.92,325.95,
2012-11-15,324.68,329.67,321.63,323.31,
2012-11-16,322.67,326.18,317.68,323.27,
2012-11-19,327.52,334.13,327.44,333.77,
2012-11-20,334.42,338.66,331.95,334.65,
2012-11-21,334.16,334.57,329.87,332.6,
2012-11-23,334.65,334.66,332.72,333.65,
2012-11-26,332.89,333.17,329.18,330.24,
2012-11-27,329.75,337.16,328.67,335.02,
2012-11-28,333.67,342.11,331.61,341.49,
2012-11-29,343.55,346.6,340.66,345.6,
2012-11-30,345.31,349.26,342.5,348.84,
2012-12-03,350.77,352.59,346.71,347.28,
2012-12-04,347.15,347.41,342.51,345.17,
2012-12-05,345.73,346.9,340.82,343.57,
2012-12-06,343.45,347.46,341.91,345.22,
2012-12-07,347.15,348.09,340.87,341.76,
2012-12-10,342.35,345.48,341.55,342.37,
2012-12-11,344.66,350.61,343.52,348.09,
2012-12-12,349.27,351.4,346.39,348.43,
2012-12-13,357.6,357.88,349.42,351.0,
2012-12-14,349.24,353.56,348.87,350.63,
2012-12-17,352.4,368.77,351.66,360.03,
2012-12-18,357.94,364.19,357.17,360.17,
2012-12-19,359.99,361.14,357.98,359.69,
2012-12-20,361.27,361.96,358.13,360.82,
2012-12-21,356.63,359.05,354.9,357.46,
2012-12-24,356.9,357.23,353.38,354.4,
2012-12-26,353.68,356.08,350.85,354.08,
2012-12-27,353.22,354.07,348.96,352.79,
2012-12-28,350.49,353.1,349.65,349.65,
2012-12-31,349.65,354.93,347.65,353.34,
2013-01-02,359.35,363.14,357.92,361.26,
2013-01-03,362.1,365.6,360.0,361.47,
2013-01-04,364.31,370.36,363.48,368.62,
2013-01-07,367.36,369.32,364.92,367.01,
2013-01-08,367.4,367.78,361.85,366.28,
2013-01-09,365.77,368.81,363.94,368.69,
2013-01-10,371.04,372.13,366.38,370.37,
2013-01-11,370.63,370.84,367.78,369.62,
2013-01-14,368.13,370.73,360.81,361.26,
2013-01-15,359.31,367.13,355.69,362.1,
2013-01-16,360.84,361.81,356.48,357.24,
2013-01-17,358.5,359.46,355.15,355.3,
2013-01-18,354.82,356.03,350.31,351.9,
2013-01-22,351.98,352.32,347.41,351.08,
2013-01-23,367.63,374.13,367.53,370.38,
2013-01-24,370.25,378.04,369.88,376.54,
2013-01-25,375.01,378.86,374.75,376.46,
2013-01-28,375.5,377.42,373.57,374.99,
2013-01-29,373.0,378.1,372.9,376.46,
2013-01-30,376.49,380.09,376.08,376.54,
2013-01-31,374.88,378.43,374.75,377.47,
2013-02-01,378.7,387.9,378.7,387.4,
2013-02-04,383.46,384.85,378.76,379.13,
2013-02-05,380.18,385.17,379.35,382.49,
2013-02-06,379.16,386.09,378.87,384.7,
2013-02-07,384.47,389.02,382.37,386.59,
2013-02-08,389.67,392.94,389.39,392.29,
2013-02-11,388.81,391.11,386.49,390.82,
2013-02-12,390.48,393.56,389.3,389.96,
2013-02-13,389.67,392.28,389.6,391.04,
2013-02-14,389.48,393.98,388.5,393.52,
2013-02-15,393.31,396.23,393.14,396.05,
2013-02-19,397.6,403.1,397.24,403.02,
2013-02-20,402.25,404.08,395.5,395.83,
2013-02-21,398.6,402.32,395.21,397.37,
2013-02-22,399.23,400.22,396.5,399.46,
2013-02-25,400.75,403.8,394.85,394.99,
2013-02-26,397.1,397.58,391.81,394.67,
2013-02-27,397.0,401.97,395.16,399.49,
2013-02-28,400.15,403.09,400.11,400.2,
2013-03-01,398.5,403.17,397.68,402.69,
2013-03-04,402.25,411.01,402.1,410.34,
2013-03-05,414.05,419.65,414.04,418.88,
2013-03-06,420.09,421.58,413.99,415.27,
2013-03-07,416.61,417.89,414.38,415.88,
2013-03-08,416.83,417.04,412.11,415.34,
2013-03-11,415.43,419.43,415.33,416.99,
2013-03-12,414.94,415.53,411.42,413.39,
2013-03-13,413.54,414.93,410.74,412.24,
2013-03-14,413.08,413.08,408.29,410.36,
2013-03-15,408.84,409.74,406.26,406.74,
2013-03-18,402.1,405.97,400.33,403.49,
2013-03-19,405.21,409.22,402.82,405.25,
2013-03-20,408.01,408.35,405.31,406.95,
2013-03-21,405.24,408.05,404.52,405.22,
2013-03-22,406.96,407.21,404.42,404.75,
2013-03-25,405.8,409.21,403.01,404.42,
2013-03-26,406.34,406.59,403.49,405.8,
2013-03-27,402.94,403.1,400.26,400.93,
2013-03-28,401.59,402.28,396.25,396.7,
2013-04-01,397.11,400.72,396.23,400.19,
2013-04-02,401.87,407.01,401.6,406.11,
2013-04-03,406.32,406.69,399.93,402.7,
2013-04-04,401.72,402.47,395.25,397.14,
2013-04-05,392.64,393.1,387.81,391.13,
2013-04-08,388.99,389.39,383.82,387.04,
2013-04-09,387.36,391.48,386.17,388.44,
2013-04-10,391.07,395.78,387.61,394.69,
2013-04-11,396.04,396.15,391.64,394.8,
2013-04-12,395.6,395.66,391.07,394.63,
2013-04-15,392.58,398.1,388.12,390.57,
2013-04-16,392.9,397.6,391.57,396.29,
2013-04-17,392.98,395.03,388.66,390.89,
2013-04-18,392.28,392.51,380.25,382.57,
2013-04-19,384.2,401.32,382.75,399.54,
2013-04-22,399.9,401.58,387.11,399.66,
2013-04-23,400.1,407.34,399.78,403.55,
2013-04-24,403.65,408.59,403.6,406.32,
2013-04-25,407.72,407.83,403.41,404.15,
2013-04-26,403.4,403.47,397.89,400.31,
2013-04-29,401.22,410.94,401.1,409.12,
2013-04-30,409.09,413.41,408.43,411.87,
2013-05-01,411.22,411.95,407.77,409.8,
2013-05-02,409.64,416.86,409.12,414.39,
2013-05-03,418.06,422.98,417.58,422.44,
2013-05-06,423.71,430.49,423.71,430.34,
2013-05-07,431.07,431.5,424.91,428.19,
2013-05-08,428.07,436.5,426.03,436.38,
2013-05-09,434.98,439.39,433.68,435.3,
2013-05-10,437.22,439.83,435.64,439.67,
2013-05-13,439.01,440.79,436.25,438.33,
2013-05-14,438.31,443.9,438.13,443.11,
2013-05-15,447.3,457.73,446.56,457.49,
2013-05-16,459.04,459.53,450.55,451.48,
2013-05-17,454.56,456.29,449.81,454.14,
2013-05-20,452.05,459.84,452.05,453.81,
2013-05-21,453.56,455.37,448.36,453.03,
2013-05-22,450.83,454.2,443.0,444.27,
2013-05-23,438.06,444.54,436.56,440.95,
2013-05-24,437.19,438.97,435.07,436.22,
2013-05-28,441.31,445.62,439.76,440.19,
2013-05-29,437.42,438.56,431.71,433.72,
2013-05-30,434.53,439.01,432.77,434.94,
2013-05-31,433.63,438.06,433.33,435.17,
2013-06-03,431.34,436.55,427.08,433.38,
2013-06-04,433.49,434.86,426.61,429.12,
2013-06-05,430.82,434.29,428.14,429.42,
2013-06-06,431.72,432.73,423.19,431.89,
2013-06-07,434.77,439.56,432.23,439.43,
2013-06-10,440.61,445.05,439.6,444.66,
2013-06-11,441.54,443.06,439.32,439.47,
2013-06-12,442.29,442.56,434.39,435.55,
2013-06-13,434.06,439.39,432.32,438.06,
2013-06-14,439.61,441.91,436.63,437.08,
2013-06-17,439.18,444.27,438.7,442.68,
2013-06-18,443.88,450.05,443.73,449.86,
2013-06-19,450.23,454.96,448.3,449.89,
2013-06-20,446.55,450.05,441.21,441.93,
2013-06-21,443.73,444.5,436.1,440.02,
2013-06-24,435.5,437.72,431.19,434.46,
2013-06-25,438.19,439.4,431.82,432.67,
2013-06-26,436.44,438.56,434.85,436.39,
2013-06-27,438.96,441.9,437.89,438.1,
2013-06-28,437.01,440.48,436.66,439.74,
2013-07-01,442.78,445.59,442.06,443.5,
2013-07-02,444.65,445.05,438.2,440.71,
2013-07-03,439.51,444.14,438.81,442.77,
2013-07-05,444.56,447.26,443.23,446.3,
2013-07-08,449.16,452.68,448.09,452.09,
2013-07-09,455.04,456.02,448.54,452.17,
2013-07-10,451.27,455.11,449.74,452.54,
2013-07-11,456.04,459.94,453.81,459.66,
2013-07-12,459.54,461.04,457.16,461.04,
2013-07-15,461.69,463.54,457.72,461.88,
2013-07-16,463.1,463.52,456.49,459.34,
2013-07-17,460.04,462.97,457.69,458.82,
2013-07-18,459.04,459.54,451.14,454.88,
2013-07-19,442.86,451.02,437.37,447.85,
2013-07-22,450.55,455.88,448.05,454.89,
2013-07-23,454.89,456.04,449.34,451.45,
2013-07-24,453.18,454.69,449.9,451.0,
2013-07-25,446.49,447.98,442.6,443.41,
2013-07-26,443.05,444.55,440.56,442.23,
2013-07-29,442.01,446.96,440.0,440.69,
2013-07-30,442.29,447.36,439.99,445.01,
2013-07-31,446.05,447.81,442.65,443.43,
2013-08-01,447.05,451.82,447.05,451.66,
2013-08-02,451.27,453.05,449.96,452.83,
2013-08-05,452.24,452.31,449.15,452.05,
2013-08-06,451.89,454.4,447.42,447.84,
2013-08-07,447.07,448.78,444.1,444.88,
2013-08-08,447.3,447.47,442.2,445.88,
2013-08-09,444.83,447.31,444.56,444.76,
2013-08-12,443.01,443.06,440.38,442.31,
2013-08-13,442.97,443.81,437.66,440.18,
2013-08-14,438.75,439.67,433.15,434.47,
2013-08-15,431.79,432.03,428.57,429.4,
2013-08-16,430.21,430.79,427.84,428.03,
2013-08-19,428.43,435.56,428.3,432.39,
2013-08-20,433.74,435.62,431.34,432.28,
2013-08-21,434.89,438.02,432.82,434.23,
2013-08-22,435.91,436.94,434.69,436.42,
2013-08-23,438.48,438.56,434.44,434.67,
2013-08-26,434.56,437.01,432.59,432.76,
2013-08-27,429.38,431.43,423.53,424.65,
2013-08-28,424.7,427.28,423.46,423.85,
2013-08-29,424.11,429.76,423.87,427.29,
2013-08-30,427.45,428.59,422.36,423.03,
2013-09-03,426.75,432.66,426.55,429.76,
2013-09-04,429.74,436.31,427.16,435.38,
2013-09-05,436.31,439.5,435.37,439.34,
2013-09-06,440.78,441.45,436.43,439.35,
2013-09-09,441.42,444.43,440.77,443.58,
2013-09-10,444.56,445.55,441.56,443.89,
2013-09-11,443.83,448.04,442.6,447.65,
2013-09-12,448.25,448.5,444.56,446.08,
2013-09-13,446.8,447.39,441.98,444.09,
2013-09-16,447.65,448.05,441.99,443.44,
2013-09-17,443.26,443.75,440.06,442.61,
2013-09-18,442.73,451.53,441.09,451.21,
2013-09-19,452.54,452.54,447.25,448.75,
2013-09-20,448.75,451.61,447.36,451.1,
2013-09-23,447.63,450.34,442.16,442.81,
2013-09-24,442.81,444.6,440.26,442.98,
2013-09-25,442.83,442.83,437.36,438.18,
2013-09-26,438.71,440.93,437.06,438.65,
2013-09-27,436.97,438.32,435.22,437.76,
2013-09-30,434.11,439.98,433.72,437.52,
2013-10-01,439.68,443.39,439.58,443.06,
2013-10-02,440.92,444.23,438.47,443.55,
2013-10-03,443.56,446.6,435.61,437.61,
2013-10-04,437.06,438.32,434.56,435.74,
2013-10-07,433.29,436.56,431.62,432.44,
2013-10-08,432.23,432.56,425.39,426.41,
2013-10-09,427.71,430.89,421.07,427.5,
2013-10-10,431.49,433.98,429.67,433.69,
2013-10-11,432.58,436.3,432.22,435.56,
2013-10-14,432.9,437.69,432.26,437.62,
2013-10-15,437.44,442.37,436.56,440.56,
2013-10-16,442.49,448.72,441.56,448.56,
2013-10-17,446.05,448.0,442.42,443.95,
2013-10-18,487.8,507.22,486.51,505.2,
2013-10-21,505.22,508.99,499.28,501.15,
2013-10-22,502.0,505.99,497.4,503.0,
2013-10-23,500.0,516.86,499.81,515.19,
2013-10-24,515.42,519.76,511.89,512.26,
2013-10-25,513.9,513.9,504.86,507.09,
2013-10-28,507.09,511.2,505.99,506.99,
2013-10-29,509.04,517.95,506.24,517.6,
2013-10-30,518.2,518.24,512.49,514.69,
2013-10-31,513.95,520.24,511.47,514.77,
2013-11-01,515.38,517.48,512.04,513.01,
2013-11-04,515.23,515.67,510.5,512.54,
2013-11-05,509.66,515.31,508.2,510.25,
2013-11-06,512.29,512.99,507.18,510.86,
2013-11-07,510.79,511.45,503.32,503.47,
2013-11-08,503.87,508.74,503.75,507.51,
2013-11-11,504.25,507.46,503.5,504.79,
2013-11-12,503.35,508.27,502.0,505.38,
2013-11-13,502.87,515.91,502.75,515.72,
2013-11-14,516.44,519.36,514.66,517.1,
2013-11-15,516.92,518.48,514.64,516.26,
2013-11-18,517.36,523.85,514.11,515.26,
2013-11-19,515.34,516.86,511.01,512.09,
2013-11-20,514.46,516.16,509.67,510.64,
2013-11-21,512.99,518.64,512.49,516.52,
2013-11-22,516.19,517.57,514.1,515.43,
2013-11-25,518.06,526.07,516.99,522.44,
2013-11-26,523.78,530.22,520.95,528.68,
2013-11-27,530.48,533.47,529.47,531.02,
2013-11-29,530.55,532.78,529.2,529.27,
2013-12-02,531.22,532.64,524.85,526.71,
2013-12-03,524.95,531.19,523.99,526.1,
2013-12-04,525.16,531.46,524.48,528.56,
2013-12-05,528.07,529.3,525.02,528.14,
2013-12-06,534.36,534.46,529.51,534.4,
2013-12-09,534.51,540.61,533.48,538.53,
2013-12-10,537.29,545.61,537.29,541.79,
2013-12-11,543.16,545.11,537.05,538.11,
2013-12-12,539.25,540.93,533.97,534.45,
2013-12-13,537.07,537.61,528.41,529.86,
2013-12-16,530.97,536.81,530.47,535.95,
2013-12-17,536.51,539.84,533.66,534.4,
2013-12-18,535.46,541.93,528.99,541.83,
2013-12-19,540.18,545.45,539.0,542.57,
2013-12-20,544.1,550.03,543.46,549.76,
2013-12-23,553.37,557.34,552.01,556.99,
2013-12-24,556.93,557.06,553.5,555.36,
2013-12-26,556.45,558.94,553.79,558.17,
2013-12-27,559.44,559.58,555.91,558.64,
2013-12-30,559.61,559.69,553.96,554.18,
2013-12-31,555.56,559.94,552.58,559.79,
2014-01-02,557.17,558.32,553.58,556.0,
2014-01-03,556.94,557.91,551.91,551.95,
2014-01-06,555.95,558.87,552.67,558.1,
2014-01-07,561.94,569.28,560.02,568.86,
2014-01-08,572.43,573.09,566.08,570.04,
2014-01-09,571.15,571.54,562.22,564.55,
2014-01-10,568.97,568.97,560.56,564.52,
2014-01-13,562.67,572.88,558.03,560.93,
2014-01-14,568.41,574.92,563.48,574.13,
2014-01-15,575.92,576.92,571.32,573.74,
2014-01-16,573.98,578.39,573.43,577.53,
2014-01-17,577.85,579.73,571.53,574.69,
2014-01-21,579.88,581.42,575.07,581.27,
2014-01-22,582.72,583.36,578.85,581.93,
2014-01-23,579.42,580.66,576.61,579.47,
2014-01-24,574.93,576.2,560.94,561.35,
2014-01-27,562.49,562.69,540.59,550.06,
2014-01-28,554.6,562.31,554.42,560.94,
2014-01-29,559.0,560.31,549.16,552.91,
2014-01-30,571.93,575.67,563.06,567.13,
2014-01-31,585.09,592.68,574.99,589.89,
2014-02-03,589.01,590.27,565.44,566.15,
2014-02-04,568.43,576.92,567.94,568.51,
2014-02-05,571.12,574.81,563.45,571.03,
2014-02-06,574.99,579.5,573.2,579.4,
2014-02-07,583.23,588.36,579.7,588.13,
2014-02-10,585.31,590.61,583.93,585.88,
2014-02-11,589.49,595.34,585.52,594.49,
2014-02-12,593.91,594.4,590.1,592.75,
2014-02-13,589.78,599.35,589.24,599.35,
2014-02-14,597.21,601.59,595.8,600.8,
2014-02-18,600.1,605.83,599.4,604.83,
2014-02-19,602.05,604.0,598.15,600.57,
2014-02-20,600.97,602.84,599.51,601.45,
2014-02-21,603.3,604.33,600.82,601.29,
2014-02-24,602.08,609.47,601.95,605.65,
2014-02-25,607.36,611.64,604.61,609.39,
2014-02-26,611.39,613.83,606.27,609.47,
2014-02-27,608.59,611.5,607.9,609.0,
2014-02-28,609.56,611.48,602.51,607.22,
2014-03-03,602.77,603.32,595.47,600.74,
2014-03-04,606.89,607.39,604.15,606.85,
2014-03-05,606.92,610.93,605.1,608.52,
2014-03-06,610.53,612.46,608.69,609.2,
2014-03-07,612.79,612.88,605.11,606.79,
2014-03-10,607.24,608.21,601.44,605.18,
2014-03-11,606.28,606.55,597.72,599.4,
2014-03-12,597.6,603.32,591.5,603.05,
2014-03-13,603.37,604.64,591.79,593.94,
2014-03-14,590.4,594.84,585.68,585.81,
2014-03-17,589.04,597.94,588.47,595.45,
2014-03-18,596.74,605.16,595.93,605.02,
2014-03-19,605.29,605.39,596.61,599.03,
2014-03-20,599.38,604.2,597.08,597.98,
2014-03-21,602.55,604.21,590.63,590.93,
2014-03-24,591.5,591.86,572.4,578.39,
2014-03-25,582.42,584.34,572.93,578.78,
2014-03-26,580.42,585.2,565.18,565.42,
2014-03-27,564.86,565.4,550.5,556.58,3826676.0
2014-03-28,558.94,566.03,558.33,559.51,2258918.0
2014-03-31,564.63,566.93,555.87,556.7,1942277.0
2014-04-01,559.57,568.18,558.44,566.88,2182626.0
2014-04-02,282.43,571.83,561.44,566.98,2088804.0
2014-04-03,569.85,587.28,564.13,569.74,5087530.0
2014-04-04,574.65,577.77,543.0,543.14,6377658.0
2014-04-07,540.74,548.48,527.15,538.15,4389569.0
2014-04-08,542.6,555.0,541.61,554.9,3152406.0
2014-04-09,559.62,565.37,552.95,564.14,3324742.0
2014-04-10,565.0,565.0,539.9,540.95,4027743.0
2014-04-11,532.55,540.0,526.53,530.6,3916171.0
2014-04-14,538.25,544.1,529.56,532.52,2568020.0
2014-04-15,536.82,538.45,518.46,536.44,3847453.0
2014-04-16,543.0,557.0,540.0,556.54,4879889.0
2014-04-17,548.81,549.5,531.15,536.1,6795393.0
2014-04-21,536.1,536.7,525.6,528.62,2561214.0
2014-04-22,528.64,537.23,527.51,534.81,2359421.0
2014-04-23,533.79,533.87,526.25,526.94,2051066.0
2014-04-24,530.07,531.65,522.12,525.16,1881965.0
2014-04-25,522.51,524.7,515.42,516.18,2097264.0
2014-04-28,517.18,518.6,502.8,517.15,3326429.0
2014-04-29,516.9,529.46,516.32,527.7,2692489.0
2014-04-30,527.6,528.0,522.52,526.66,1746904.0
2014-05-01,527.11,532.93,523.88,531.35,1900432.0
2014-05-02,533.76,534.0,525.61,527.93,1685042.0
2014-05-05,524.82,528.9,521.32,527.81,1021408.0
2014-05-06,525.23,526.81,515.06,515.14,1684381.0
2014-05-07,515.79,516.68,503.3,509.96,3216077.0
2014-05-08,508.46,517.23,506.45,511.0,2016131.0
2014-05-09,510.75,519.9,504.2,518.73,2432783.0
2014-05-12,523.51,530.19,519.01,529.92,1908392.0
2014-05-13,530.89,536.07,529.51,533.09,1648907.0
2014-05-14,533.0,533.0,525.29,526.65,1191863.0
2014-05-15,525.7,525.87,517.42,519.98,1703758.0
2014-05-16,521.39,521.8,515.44,520.63,1481688.0
2014-05-19,519.7,529.78,517.58,528.86,1276362.0
2014-05-20,529.74,536.23,526.3,529.77,1780113.0
2014-05-21,532.9,539.18,531.91,538.94,1193389.0
2014-05-22,541.13,547.6,540.78,545.06,1611837.0
2014-05-23,547.26,553.64,543.7,552.7,1929632.0
2014-05-27,556.0,566.0,554.35,565.95,2100298.0
2014-05-28,564.57,567.84,561.0,561.68,1647717.0
2014-05-29,563.35,564.0,558.71,560.08,1350657.0
2014-05-30,560.8,561.35,555.91,559.89,1766794.0
2014-06-02,560.7,560.9,545.73,553.93,1434989.0
2014-06-03,550.99,552.34,542.55,544.94,1861921.0
2014-06-04,541.5,548.61,538.75,544.66,1812084.0
2014-06-05,546.4,554.95,544.45,553.9,1684886.0
2014-06-06,558.06,558.06,548.93,556.33,1732592.0
2014-06-09,557.15,562.9,556.04,562.12,1463676.0
2014-06-10,560.51,563.6,557.9,560.55,1349444.0
2014-06-11,558.0,559.88,555.02,558.84,1097380.0
2014-06-12,557.3,557.99,548.46,551.35,1457104.0
2014-06-13,552.26,552.3,545.56,551.76,1217176.0
2014-06-16,549.26,549.62,541.52,544.28,1704027.0
2014-06-17,544.2,545.32,539.33,543.01,1445878.0
2014-06-18,544.86,553.56,544.0,553.37,1737343.0
2014-06-19,554.24,555.0,548.51,554.9,2451341.0
2014-06-20,556.85,557.58,550.39,556.36,4496962.0
2014-06-23,555.15,565.0,554.25,564.95,1534659.0
2014-06-24,565.19,572.65,561.01,564.62,2201789.0
2014-06-25,565.26,579.96,565.22,578.65,1964447.0
2014-06-26,581.0,582.45,571.85,576.0,1737210.0
2014-06-27,577.18,579.87,573.8,577.24,2231174.0
2014-06-30,578.66,579.57,574.75,575.28,1310909.0
2014-07-01,578.32,584.4,576.65,582.67,1446309.0
2014-07-02,583.35,585.44,580.39,582.34,1054936.0
2014-07-03,583.35,585.01,580.92,584.73,712210.0
2014-07-07,583.76,586.43,579.59,582.25,1061833.0
2014-07-08,577.66,579.53,566.14,571.09,1908647.0
2014-07-09,571.58,576.72,569.38,576.08,1113907.0
2014-07-10,565.91,576.59,565.01,571.1,1353317.0
2014-07-11,571.91,580.85,571.42,579.18,1617569.0
2014-07-14,582.6,585.21,578.03,584.87,1852290.0
2014-07-15,585.74,585.8,576.56,584.78,1618815.0
2014-07-16,588.0,588.4,582.2,582.66,1394560.0
2014-07-17,579.53,580.99,568.61,573.73,3015475.0
2014-07-18,593.0,596.8,582.0,595.08,4006389.0
2014-07-21,591.75,594.4,585.23,589.47,2060334.0
2014-07-22,590.72,599.65,590.6,594.74,1694787.0
2014-07-23,593.23,597.85,592.5,595.98,1229846.0
2014-07-24,596.45,599.5,591.77,593.35,1033341.0
2014-07-25,590.4,591.86,587.03,589.02,932724.0
2014-07-28,588.07,592.5,584.75,590.6,984161.0
2014-07-29,588.75,589.7,583.52,585.61,1346647.0
2014-07-30,586.55,589.5,584.0,587.42,1013932.0
2014-07-31,580.6,583.65,570.0,571.6,2099516.0
2014-08-01,570.4,575.96,562.85,566.07,1950171.0
2014-08-04,569.04,575.35,564.1,573.15,1427169.0
2014-08-05,570.05,571.98,562.61,565.07,1556685.0
2014-08-06,561.78,570.7,560.0,566.37,1330877.0
2014-08-07,568.0,569.89,561.1,563.36,1108900.0
2014-08-08,563.56,570.25,560.35,568.77,1492491.0
2014-08-11,569.99,570.49,566.0,567.88,1215968.0
2014-08-12,564.52,565.9,560.88,562.73,1537758.0
2014-08-13,567.31,575.0,565.75,574.78,1437922.0
2014-08-14,576.18,577.9,570.88,574.65,982926.0
2014-08-15,577.86,579.38,570.52,573.48,1517056.0
2014-08-18,576.11,584.51,576.0,582.16,1282531.0
2014-08-19,585.0,587.34,584.0,586.86,979298.0
2014-08-20,585.88,586.7,582.57,584.49,1034779.0
2014-08-21,583.82,584.5,581.14,583.37,912854.0
2014-08-22,583.59,585.24,580.64,582.56,789484.0
2014-08-25,584.72,585.0,579.0,580.2,1358810.0
2014-08-26,581.26,581.8,576.58,577.86,1635465.0
2014-08-27,577.27,578.49,570.1,571.0,1700161.0
2014-08-28,569.56,573.25,567.1,569.2,1295963.0
2014-08-29,571.33,572.04,567.07,571.6,1081231.0
2014-09-02,571.85,577.83,571.19,577.33,1576830.0
2014-09-03,580.0,582.99,575.0,577.94,1214586.0
2014-09-04,580.0,586.0,579.22,581.98,1459956.0
2014-09-05,583.98,586.55,581.95,586.08,1629477.0
2014-09-08,586.6,591.77,586.3,589.72,1429101.0
2014-09-09,588.9,589.0,580.0,581.01,1286722.0
2014-09-10,581.5,583.5,576.94,583.1,975145.0
2014-09-11,580.36,581.81,576.26,581.35,1217721.0
2014-09-12,581.0,581.64,574.46,575.62,1597677.0
2014-09-15,572.94,574.95,568.21,573.1,1596224.0
2014-09-16,572.76,581.5,572.66,579.95,1478306.0
2014-09-17,580.01,587.52,578.78,584.77,1690994.0
2014-09-18,587.0,589.54,585.0,589.27,1442012.0
2014-09-19,591.5,596.48,589.5,596.08,3727045.0
2014-09-22,593.82,593.95,583.46,587.37,1687710.0
2014-09-23,586.85,586.85,581.0,581.13,1467703.0
2014-09-24,581.46,589.63,580.52,587.99,1724537.0
2014-09-25,587.55,587.98,574.18,575.06,1925350.0
2014-09-26,576.06,579.25,574.66,577.1,1439807.0
2014-09-29,571.75,578.19,571.17,576.36,1281204.0
2014-09-30,576.93,579.85,572.85,577.36,1618437.0
2014-10-01,576.01,577.58,567.01,568.27,1445027.0
2014-10-02,567.31,571.91,563.32,570.08,1175307.0
2014-10-03,573.05,577.22,572.5,575.28,1138636.0
2014-10-06,578.8,581.0,574.44,577.35,1211320.0
2014-10-07,574.4,575.27,563.74,563.74,1906427.0
2014-10-08,565.57,573.88,557.49,572.5,1987888.0
2014-10-09,571.18,571.49,559.06,560.88,2519693.0
2014-10-10,557.72,565.13,544.05,544.49,3078634.0
2014-10-13,544.99,549.5,533.1,533.21,2578676.0
2014-10-14,538.9,547.19,533.17,537.94,2217230.0
2014-10-15,531.01,532.8,518.3,530.03,3712536.0
2014-10-16,519.0,529.43,515.0,524.51,3698423.0
2014-10-17,527.25,530.98,508.53,511.17,5530674.0
2014-10-20,509.45,521.76,508.1,520.84,2605505.0
2014-10-21,525.19,526.79,519.11,526.54,2332531.0
2014-10-22,529.89,539.8,528.8,532.71,2917183.0
2014-10-23,539.32,547.22,535.85,543.98,2345296.0
2014-10-24,544.36,544.88,535.79,539.78,1972047.0
2014-10-27,537.03,544.41,537.03,540.77,1184973.0
2014-10-28,543.0,548.98,541.62,548.9,1273372.0
2014-10-29,550.0,554.19,546.98,549.33,1767107.0
2014-10-30,548.95,552.8,543.51,550.31,1451667.0
2014-10-31,559.35,559.57,554.75,559.08,2032887.0
2014-11-03,555.5,557.9,553.23,555.22,1378511.0
2014-11-04,553.0,555.5,549.3,554.11,1240761.0
2014-11-05,556.8,556.8,544.05,545.92,2026740.0
2014-11-06,545.5,546.88,540.97,542.04,1329604.0
2014-11-07,546.21,546.21,538.67,541.01,1629259.0
2014-11-10,541.46,549.59,541.02,547.49,1131546.0
2014-11-11,548.49,551.94,546.3,550.29,964866.0
2014-11-12,550.39,550.46,545.17,547.31,1126594.0
2014-11-13,549.8,549.8,543.48,545.38,1335719.0
2014-11-14,546.68,546.68,542.15,544.4,1285991.0
2014-11-17,543.58,543.79,534.06,536.51,1721282.0
2014-11-18,537.5,541.94,534.17,535.03,1957664.0
2014-11-19,535.0,538.24,530.08,536.99,1388440.0
2014-11-20,531.25,535.11,531.08,534.83,1559131.0
2014-11-21,541.61,542.14,536.56,537.5,2218249.0
2014-11-24,537.65,542.7,535.62,539.27,1701682.0
2014-11-25,539.0,543.98,538.6,541.08,1784967.0
2014-11-26,540.88,541.55,537.04,540.37,1519503.0
2014-11-28,540.62,542.0,536.6,541.83,1145231.0
2014-12-01,538.9,541.41,531.86,533.8,2109599.0
2014-12-02,533.51,535.5,529.8,533.75,1522481.0
2014-12-03,531.44,536.0,529.26,531.32,1279288.0
2014-12-04,531.16,537.34,528.59,537.31,1392208.0
2014-12-05,531.0,532.89,524.28,525.26,2558649.0
2014-12-08,527.13,531.0,523.79,526.98,2327127.0
2014-12-09,522.14,534.19,520.5,533.37,1871268.0
2014-12-10,533.08,536.33,525.56,526.06,1716835.0
2014-12-11,527.8,533.92,527.1,528.34,1610964.0
2014-12-12,523.51,528.5,518.66,518.66,1989117.0
2014-12-15,522.74,523.1,513.27,513.8,2812786.0
2014-12-16,511.56,513.05,489.0,495.39,3953371.0
2014-12-17,497.0,507.0,496.81,504.89,2875281.0
2014-12-18,512.95,513.87,504.7,511.1,2918730.0
2014-12-19,511.51,517.72,506.91,516.35,3680148.0
2014-12-22,516.08,526.46,516.08,524.87,2723599.0
2014-12-23,527.0,534.56,526.29,530.59,2191567.0
2014-12-24,530.51,531.76,527.02,528.77,704035.0
2014-12-26,528.77,534.25,527.31,534.03,1037727.0
2014-12-29,532.19,535.48,530.01,530.33,2276104.0
2014-12-30,528.09,531.15,527.13,530.42,873923.0
2014-12-31,531.25,532.6,525.8,526.4,1371819.0
